Activity.[ActivityKey],Activity.[Activity],Activity.[ActivitySubGroupKey],Activity.[Activity Sub Group],Activity.[ActivityGroupKey],Activity.[Activity Group]
-2,BOH Activity,0,SubGroup-0,0,Group-0
-1,Expected Receipt Activity,0,SubGroup-0,0,Group-0
0,Act-5000-0,0,SubGroup-0,0,Group-0
1,Act-5001-1,0,SubGroup-0,0,Group-0
2,Act-5002-2,0,SubGroup-0,0,Group-0
3,Act-5003-3,0,SubGroup-0,0,Group-0
4,Act-5004-4,0,SubGroup-0,0,Group-0
5,Act-5005-5,0,SubGroup-0,0,Group-0
6,Act-5006-6,0,SubGroup-0,0,Group-0
7,Act-5007-7,0,SubGroup-0,0,Group-0
8,Act-5008-8,0,SubGroup-0,0,Group-0
9,Act-5009-9,0,SubGroup-0,0,Group-0
10,Act-5010-10,0,SubGroup-0,0,Group-0
11,Act-5011-11,0,SubGroup-0,0,Group-0
12,Act-5012-12,0,SubGroup-0,0,Group-0
13,Act-5013-13,0,SubGroup-0,0,Group-0
14,Act-5014-14,0,SubGroup-0,0,Group-0
15,Act-5015-15,0,SubGroup-0,0,Group-0
16,Act-5016-16,0,SubGroup-0,0,Group-0
17,Act-5017-17,0,SubGroup-0,0,Group-0
18,Act-5018-18,0,SubGroup-0,0,Group-0
19,Act-5019-19,0,SubGroup-0,0,Group-0
20,Act-5020-20,0,SubGroup-0,0,Group-0
21,Act-5021-21,0,SubGroup-0,0,Group-0
22,Act-5022-22,0,SubGroup-0,0,Group-0
23,Act-5023-23,0,SubGroup-0,0,Group-0
24,Act-5024-24,0,SubGroup-0,0,Group-0
25,Act-5025-25,0,SubGroup-0,0,Group-0
26,Act-5026-26,0,SubGroup-0,0,Group-0
27,Act-5027-27,0,SubGroup-0,0,Group-0
28,Act-5028-28,0,SubGroup-0,0,Group-0
29,Act-5029-29,0,SubGroup-0,0,Group-0
30,Act-5030-30,0,SubGroup-0,0,Group-0
31,Act-5031-31,0,SubGroup-0,0,Group-0
32,Act-5032-32,0,SubGroup-0,0,Group-0
33,Act-5033-33,0,SubGroup-0,0,Group-0
34,Act-5034-34,0,SubGroup-0,0,Group-0
35,Act-5035-35,0,SubGroup-0,0,Group-0
36,Act-5036-36,0,SubGroup-0,0,Group-0
37,Act-5037-37,0,SubGroup-0,0,Group-0
38,Act-5038-38,0,SubGroup-0,0,Group-0
39,Act-5039-39,0,SubGroup-0,0,Group-0
40,Act-5040-40,0,SubGroup-0,0,Group-0
41,Act-5041-41,0,SubGroup-0,0,Group-0
42,Act-5042-42,0,SubGroup-0,0,Group-0
43,Act-5043-43,0,SubGroup-0,0,Group-0
44,Act-5044-44,0,SubGroup-0,0,Group-0
45,Act-5045-45,0,SubGroup-0,0,Group-0
46,Act-5046-46,0,SubGroup-0,0,Group-0
47,Act-5047-47,0,SubGroup-0,0,Group-0
48,Act-5048-48,0,SubGroup-0,0,Group-0
49,Act-5049-49,0,SubGroup-0,0,Group-0
50,Act-5050-50,0,SubGroup-0,0,Group-0
51,Act-5051-51,0,SubGroup-0,0,Group-0
52,Act-5052-52,0,SubGroup-0,0,Group-0
53,Act-5053-53,0,SubGroup-0,0,Group-0
54,Act-5054-54,0,SubGroup-0,0,Group-0
55,Act-5055-55,0,SubGroup-0,0,Group-0
56,Act-5056-56,0,SubGroup-0,0,Group-0
57,Act-5057-57,0,SubGroup-0,0,Group-0
58,Act-5058-58,0,SubGroup-0,0,Group-0
59,Act-5059-59,0,SubGroup-0,0,Group-0
60,Act-5060-60,0,SubGroup-0,0,Group-0
61,Act-5061-61,0,SubGroup-0,0,Group-0
62,Act-5062-62,0,SubGroup-0,0,Group-0
63,Act-5063-63,0,SubGroup-0,0,Group-0
64,Act-5064-64,0,SubGroup-0,0,Group-0
65,Act-5065-65,0,SubGroup-0,0,Group-0
66,Act-5066-66,0,SubGroup-0,0,Group-0
67,Act-5067-67,0,SubGroup-0,0,Group-0
68,Act-5068-68,0,SubGroup-0,0,Group-0
69,Act-5069-69,0,SubGroup-0,0,Group-0
70,Act-5070-70,0,SubGroup-0,0,Group-0
71,Act-5071-71,0,SubGroup-0,0,Group-0
72,Act-5072-72,0,SubGroup-0,0,Group-0
73,Act-5073-73,0,SubGroup-0,0,Group-0
74,Act-5074-74,0,SubGroup-0,0,Group-0
75,Act-5075-75,0,SubGroup-0,0,Group-0
76,Act-5076-76,0,SubGroup-0,0,Group-0
77,Act-5077-77,0,SubGroup-0,0,Group-0
78,Act-5078-78,0,SubGroup-0,0,Group-0
79,Act-5079-79,0,SubGroup-0,0,Group-0
80,Act-5000-80,0,SubGroup-0,0,Group-0
81,Act-5001-81,0,SubGroup-0,0,Group-0
82,Act-5002-82,0,SubGroup-0,0,Group-0
83,Act-5003-83,0,SubGroup-0,0,Group-0
84,Act-5004-84,0,SubGroup-0,0,Group-0
85,Act-5005-85,0,SubGroup-0,0,Group-0
86,Act-5006-86,0,SubGroup-0,0,Group-0
87,Act-5007-87,0,SubGroup-0,0,Group-0
88,Act-5008-88,0,SubGroup-0,0,Group-0
89,Act-5009-89,0,SubGroup-0,0,Group-0
90,Act-5010-90,0,SubGroup-0,0,Group-0
91,Act-5011-91,0,SubGroup-0,0,Group-0
92,Act-5012-92,0,SubGroup-0,0,Group-0
93,Act-5013-93,0,SubGroup-0,0,Group-0
94,Act-5014-94,0,SubGroup-0,0,Group-0
95,Act-5015-95,0,SubGroup-0,0,Group-0
96,Act-5016-96,0,SubGroup-0,0,Group-0
97,Act-5017-97,0,SubGroup-0,0,Group-0
98,Act-5018-98,0,SubGroup-0,0,Group-0
99,Act-5019-99,0,SubGroup-0,0,Group-0
100,Act-5020-100,0,SubGroup-0,0,Group-0
101,Act-5021-101,0,SubGroup-0,0,Group-0
102,Act-5022-102,0,SubGroup-0,0,Group-0
103,Act-5023-103,0,SubGroup-0,0,Group-0
104,Act-5024-104,0,SubGroup-0,0,Group-0
105,Act-5025-105,0,SubGroup-0,0,Group-0
106,Act-5026-106,0,SubGroup-0,0,Group-0
107,Act-5027-107,0,SubGroup-0,0,Group-0
108,Act-5028-108,0,SubGroup-0,0,Group-0
109,Act-5029-109,0,SubGroup-0,0,Group-0
110,Act-5030-110,0,SubGroup-0,0,Group-0
111,Act-5031-111,0,SubGroup-0,0,Group-0
112,Act-5032-112,0,SubGroup-0,0,Group-0
113,Act-5033-113,0,SubGroup-0,0,Group-0
114,Act-5034-114,0,SubGroup-0,0,Group-0
115,Act-5035-115,0,SubGroup-0,0,Group-0
116,Act-5036-116,0,SubGroup-0,0,Group-0
117,Act-5037-117,0,SubGroup-0,0,Group-0
118,Act-5038-118,0,SubGroup-0,0,Group-0
119,Act-5039-119,0,SubGroup-0,0,Group-0
120,Act-5040-120,0,SubGroup-0,0,Group-0
121,Act-5041-121,0,SubGroup-0,0,Group-0
122,Act-5042-122,0,SubGroup-0,0,Group-0
123,Act-5043-123,0,SubGroup-0,0,Group-0
124,Act-5044-124,0,SubGroup-0,0,Group-0
125,Act-5045-125,0,SubGroup-0,0,Group-0
126,Act-5046-126,0,SubGroup-0,0,Group-0
127,Act-5047-127,0,SubGroup-0,0,Group-0
128,Act-5048-128,0,SubGroup-0,0,Group-0
129,Act-5049-129,0,SubGroup-0,0,Group-0
130,Act-5050-130,0,SubGroup-0,0,Group-0
131,Act-5051-131,0,SubGroup-0,0,Group-0
132,Act-5052-132,0,SubGroup-0,0,Group-0
133,Act-5053-133,0,SubGroup-0,0,Group-0
134,Act-5054-134,0,SubGroup-0,0,Group-0
135,Act-5055-135,0,SubGroup-0,0,Group-0
136,Act-5056-136,0,SubGroup-0,0,Group-0
137,Act-5057-137,0,SubGroup-0,0,Group-0
138,Act-5058-138,0,SubGroup-0,0,Group-0
139,Act-5059-139,0,SubGroup-0,0,Group-0
140,Act-5060-140,0,SubGroup-0,0,Group-0
141,Act-5061-141,0,SubGroup-0,0,Group-0
142,Act-5062-142,0,SubGroup-0,0,Group-0
143,Act-5063-143,0,SubGroup-0,0,Group-0
144,Act-5064-144,0,SubGroup-0,0,Group-0
145,Act-5065-145,0,SubGroup-0,0,Group-0
146,Act-5066-146,0,SubGroup-0,0,Group-0
147,Act-5067-147,0,SubGroup-0,0,Group-0
148,Act-5068-148,0,SubGroup-0,0,Group-0
149,Act-5069-149,0,SubGroup-0,0,Group-0
150,Act-5070-150,0,SubGroup-0,0,Group-0
151,Act-5071-151,0,SubGroup-0,0,Group-0
152,Act-5072-152,0,SubGroup-0,0,Group-0
153,Act-5073-153,0,SubGroup-0,0,Group-0
154,Act-5074-154,0,SubGroup-0,0,Group-0
155,Act-5075-155,0,SubGroup-0,0,Group-0
156,Act-5076-156,0,SubGroup-0,0,Group-0
157,Act-5077-157,0,SubGroup-0,0,Group-0
158,Act-5078-158,0,SubGroup-0,0,Group-0
159,Act-5079-159,0,SubGroup-0,0,Group-0
160,Act-5000-160,0,SubGroup-0,0,Group-0
161,Act-5001-161,0,SubGroup-0,0,Group-0
162,Act-5002-162,0,SubGroup-0,0,Group-0
163,Act-5003-163,0,SubGroup-0,0,Group-0
164,Act-5004-164,0,SubGroup-0,0,Group-0
165,Act-5005-165,0,SubGroup-0,0,Group-0
166,Act-5006-166,0,SubGroup-0,0,Group-0
167,Act-5007-167,0,SubGroup-0,0,Group-0
168,Act-5008-168,0,SubGroup-0,0,Group-0
169,Act-5009-169,0,SubGroup-0,0,Group-0
170,Act-5010-170,0,SubGroup-0,0,Group-0
171,Act-5011-171,0,SubGroup-0,0,Group-0
172,Act-5012-172,0,SubGroup-0,0,Group-0
173,Act-5013-173,0,SubGroup-0,0,Group-0
174,Act-5014-174,0,SubGroup-0,0,Group-0
175,Act-5015-175,0,SubGroup-0,0,Group-0
176,Act-5016-176,0,SubGroup-0,0,Group-0
177,Act-5017-177,0,SubGroup-0,0,Group-0
178,Act-5018-178,0,SubGroup-0,0,Group-0
179,Act-5019-179,0,SubGroup-0,0,Group-0
180,Act-5020-180,0,SubGroup-0,0,Group-0
181,Act-5021-181,0,SubGroup-0,0,Group-0
182,Act-5022-182,0,SubGroup-0,0,Group-0
183,Act-5023-183,0,SubGroup-0,0,Group-0
184,Act-5024-184,0,SubGroup-0,0,Group-0
185,Act-5025-185,0,SubGroup-0,0,Group-0
186,Act-5026-186,0,SubGroup-0,0,Group-0
187,Act-5027-187,0,SubGroup-0,0,Group-0
188,Act-5028-188,0,SubGroup-0,0,Group-0
189,Act-5029-189,0,SubGroup-0,0,Group-0
190,Act-5030-190,0,SubGroup-0,0,Group-0
191,Act-5031-191,0,SubGroup-0,0,Group-0
192,Act-5032-192,0,SubGroup-0,0,Group-0
193,Act-5033-193,0,SubGroup-0,0,Group-0
194,Act-5034-194,0,SubGroup-0,0,Group-0
195,Act-5035-195,0,SubGroup-0,0,Group-0
196,Act-5036-196,0,SubGroup-0,0,Group-0
197,Act-5037-197,0,SubGroup-0,0,Group-0
198,Act-5038-198,0,SubGroup-0,0,Group-0
199,Act-5039-199,0,SubGroup-0,0,Group-0
200,Act-5040-200,0,SubGroup-0,0,Group-0
201,Act-5041-201,0,SubGroup-0,0,Group-0
202,Act-5042-202,0,SubGroup-0,0,Group-0
203,Act-5043-203,0,SubGroup-0,0,Group-0
204,Act-5044-204,0,SubGroup-0,0,Group-0
205,Act-5045-205,0,SubGroup-0,0,Group-0
206,Act-5046-206,0,SubGroup-0,0,Group-0
207,Act-5047-207,0,SubGroup-0,0,Group-0
208,Act-5048-208,0,SubGroup-0,0,Group-0
209,Act-5049-209,0,SubGroup-0,0,Group-0
210,Act-5050-210,0,SubGroup-0,0,Group-0
211,Act-5051-211,0,SubGroup-0,0,Group-0
212,Act-5052-212,0,SubGroup-0,0,Group-0
213,Act-5053-213,0,SubGroup-0,0,Group-0
214,Act-5054-214,0,SubGroup-0,0,Group-0
215,Act-5055-215,0,SubGroup-0,0,Group-0
216,Act-5056-216,0,SubGroup-0,0,Group-0
217,Act-5057-217,0,SubGroup-0,0,Group-0
218,Act-5058-218,0,SubGroup-0,0,Group-0
219,Act-5059-219,0,SubGroup-0,0,Group-0
220,Act-5060-220,0,SubGroup-0,0,Group-0
221,Act-5061-221,0,SubGroup-0,0,Group-0
222,Act-5062-222,0,SubGroup-0,0,Group-0
223,Act-5063-223,0,SubGroup-0,0,Group-0
224,Act-5064-224,0,SubGroup-0,0,Group-0
225,Act-5065-225,0,SubGroup-0,0,Group-0
226,Act-5066-226,0,SubGroup-0,0,Group-0
227,Act-5067-227,0,SubGroup-0,0,Group-0
228,Act-5068-228,0,SubGroup-0,0,Group-0
229,Act-5069-229,0,SubGroup-0,0,Group-0
230,Act-5070-230,0,SubGroup-0,0,Group-0
231,Act-5071-231,0,SubGroup-0,0,Group-0
232,Act-5072-232,0,SubGroup-0,0,Group-0
233,Act-5073-233,0,SubGroup-0,0,Group-0
234,Act-5074-234,0,SubGroup-0,0,Group-0
235,Act-5075-235,0,SubGroup-0,0,Group-0
236,Act-5076-236,0,SubGroup-0,0,Group-0
237,Act-5077-237,0,SubGroup-0,0,Group-0
238,Act-5078-238,0,SubGroup-0,0,Group-0
239,Act-5079-239,0,SubGroup-0,0,Group-0
240,Act-5000-240,0,SubGroup-0,0,Group-0
241,Act-5001-241,0,SubGroup-0,0,Group-0
242,Act-5002-242,0,SubGroup-0,0,Group-0
243,Act-5003-243,0,SubGroup-0,0,Group-0
244,Act-5004-244,0,SubGroup-0,0,Group-0
245,Act-5005-245,0,SubGroup-0,0,Group-0
246,Act-5006-246,0,SubGroup-0,0,Group-0
247,Act-5007-247,0,SubGroup-0,0,Group-0
248,Act-5008-248,0,SubGroup-0,0,Group-0
249,Act-5009-249,0,SubGroup-0,0,Group-0
250,Act-5010-250,0,SubGroup-0,0,Group-0
251,Act-5011-251,0,SubGroup-0,0,Group-0
252,Act-5012-252,0,SubGroup-0,0,Group-0
253,Act-5013-253,0,SubGroup-0,0,Group-0
254,Act-5014-254,0,SubGroup-0,0,Group-0
255,Act-5015-255,0,SubGroup-0,0,Group-0
256,Act-5016-256,0,SubGroup-0,0,Group-0
257,Act-5017-257,0,SubGroup-0,0,Group-0
258,Act-5018-258,0,SubGroup-0,0,Group-0
259,Act-5019-259,0,SubGroup-0,0,Group-0
260,Act-5020-260,0,SubGroup-0,0,Group-0
261,Act-5021-261,0,SubGroup-0,0,Group-0
262,Act-5022-262,0,SubGroup-0,0,Group-0
263,Act-5023-263,0,SubGroup-0,0,Group-0
264,Act-5024-264,0,SubGroup-0,0,Group-0
265,Act-5025-265,0,SubGroup-0,0,Group-0
266,Act-5026-266,0,SubGroup-0,0,Group-0
267,Act-5027-267,0,SubGroup-0,0,Group-0
268,Act-5028-268,0,SubGroup-0,0,Group-0
269,Act-5029-269,0,SubGroup-0,0,Group-0
270,Act-5030-270,0,SubGroup-0,0,Group-0
271,Act-5031-271,0,SubGroup-0,0,Group-0
272,Act-5032-272,0,SubGroup-0,0,Group-0
273,Act-5033-273,0,SubGroup-0,0,Group-0
274,Act-5034-274,0,SubGroup-0,0,Group-0
275,Act-5035-275,0,SubGroup-0,0,Group-0
276,Act-5036-276,0,SubGroup-0,0,Group-0
277,Act-5037-277,0,SubGroup-0,0,Group-0
278,Act-5038-278,0,SubGroup-0,0,Group-0
279,Act-5039-279,0,SubGroup-0,0,Group-0
280,Act-5040-280,0,SubGroup-0,0,Group-0
281,Act-5041-281,0,SubGroup-0,0,Group-0
282,Act-5042-282,0,SubGroup-0,0,Group-0
283,Act-5043-283,0,SubGroup-0,0,Group-0
284,Act-5044-284,0,SubGroup-0,0,Group-0
285,Act-5045-285,0,SubGroup-0,0,Group-0
286,Act-5046-286,0,SubGroup-0,0,Group-0
287,Act-5047-287,0,SubGroup-0,0,Group-0
288,Act-5048-288,0,SubGroup-0,0,Group-0
289,Act-5049-289,0,SubGroup-0,0,Group-0
290,Act-5050-290,0,SubGroup-0,0,Group-0
291,Act-5051-291,0,SubGroup-0,0,Group-0
292,Act-5052-292,0,SubGroup-0,0,Group-0
293,Act-5053-293,0,SubGroup-0,0,Group-0
294,Act-5054-294,0,SubGroup-0,0,Group-0
295,Act-5055-295,0,SubGroup-0,0,Group-0
296,Act-5056-296,0,SubGroup-0,0,Group-0
297,Act-5057-297,0,SubGroup-0,0,Group-0
298,Act-5058-298,0,SubGroup-0,0,Group-0
299,Act-5059-299,0,SubGroup-0,0,Group-0
300,Act-5060-300,0,SubGroup-0,0,Group-0
301,Act-5061-301,0,SubGroup-0,0,Group-0
302,Act-5062-302,0,SubGroup-0,0,Group-0
303,Act-5063-303,0,SubGroup-0,0,Group-0
304,Act-5064-304,0,SubGroup-0,0,Group-0
305,Act-5065-305,0,SubGroup-0,0,Group-0
306,Act-5066-306,0,SubGroup-0,0,Group-0
307,Act-5067-307,0,SubGroup-0,0,Group-0
308,Act-5068-308,0,SubGroup-0,0,Group-0
309,Act-5069-309,0,SubGroup-0,0,Group-0
310,Act-5070-310,0,SubGroup-0,0,Group-0
311,Act-5071-311,0,SubGroup-0,0,Group-0
312,Act-5072-312,0,SubGroup-0,0,Group-0
313,Act-5073-313,0,SubGroup-0,0,Group-0
314,Act-5074-314,0,SubGroup-0,0,Group-0
315,Act-5075-315,0,SubGroup-0,0,Group-0
316,Act-5076-316,0,SubGroup-0,0,Group-0
317,Act-5077-317,0,SubGroup-0,0,Group-0
318,Act-5078-318,0,SubGroup-0,0,Group-0
319,Act-5079-319,0,SubGroup-0,0,Group-0
320,Act-5000-320,0,SubGroup-0,0,Group-0
321,Act-5001-321,0,SubGroup-0,0,Group-0
322,Act-5002-322,0,SubGroup-0,0,Group-0
323,Act-5003-323,0,SubGroup-0,0,Group-0
324,Act-5004-324,0,SubGroup-0,0,Group-0
325,Act-5005-325,0,SubGroup-0,0,Group-0
326,Act-5006-326,0,SubGroup-0,0,Group-0
327,Act-5007-327,0,SubGroup-0,0,Group-0
328,Act-5008-328,0,SubGroup-0,0,Group-0
329,Act-5009-329,0,SubGroup-0,0,Group-0
330,Act-5010-330,0,SubGroup-0,0,Group-0
331,Act-5011-331,0,SubGroup-0,0,Group-0
332,Act-5012-332,0,SubGroup-0,0,Group-0
333,Act-5013-333,0,SubGroup-0,0,Group-0
334,Act-5014-334,0,SubGroup-0,0,Group-0
335,Act-5015-335,0,SubGroup-0,0,Group-0
336,Act-5016-336,0,SubGroup-0,0,Group-0
337,Act-5017-337,0,SubGroup-0,0,Group-0
338,Act-5018-338,0,SubGroup-0,0,Group-0
339,Act-5019-339,0,SubGroup-0,0,Group-0
340,Act-5020-340,0,SubGroup-0,0,Group-0
341,Act-5021-341,0,SubGroup-0,0,Group-0
342,Act-5022-342,0,SubGroup-0,0,Group-0
343,Act-5023-343,0,SubGroup-0,0,Group-0
344,Act-5024-344,0,SubGroup-0,0,Group-0
345,Act-5025-345,0,SubGroup-0,0,Group-0
346,Act-5026-346,0,SubGroup-0,0,Group-0
347,Act-5027-347,0,SubGroup-0,0,Group-0
348,Act-5028-348,0,SubGroup-0,0,Group-0
349,Act-5029-349,0,SubGroup-0,0,Group-0
350,Act-5030-350,0,SubGroup-0,0,Group-0
351,Act-5031-351,0,SubGroup-0,0,Group-0
352,Act-5032-352,0,SubGroup-0,0,Group-0
353,Act-5033-353,0,SubGroup-0,0,Group-0
354,Act-5034-354,0,SubGroup-0,0,Group-0
355,Act-5035-355,0,SubGroup-0,0,Group-0
356,Act-5036-356,0,SubGroup-0,0,Group-0
357,Act-5037-357,0,SubGroup-0,0,Group-0
358,Act-5038-358,0,SubGroup-0,0,Group-0
359,Act-5039-359,0,SubGroup-0,0,Group-0
360,Act-5040-360,0,SubGroup-0,0,Group-0
361,Act-5041-361,0,SubGroup-0,0,Group-0
362,Act-5042-362,0,SubGroup-0,0,Group-0
363,Act-5043-363,0,SubGroup-0,0,Group-0
364,Act-5044-364,0,SubGroup-0,0,Group-0
365,Act-5045-365,0,SubGroup-0,0,Group-0
366,Act-5046-366,0,SubGroup-0,0,Group-0
367,Act-5047-367,0,SubGroup-0,0,Group-0
368,Act-5048-368,0,SubGroup-0,0,Group-0
369,Act-5049-369,0,SubGroup-0,0,Group-0
370,Act-5050-370,0,SubGroup-0,0,Group-0
371,Act-5051-371,0,SubGroup-0,0,Group-0
372,Act-5052-372,0,SubGroup-0,0,Group-0
373,Act-5053-373,0,SubGroup-0,0,Group-0
374,Act-5054-374,0,SubGroup-0,0,Group-0
375,Act-5055-375,0,SubGroup-0,0,Group-0
376,Act-5056-376,0,SubGroup-0,0,Group-0
377,Act-5057-377,0,SubGroup-0,0,Group-0
378,Act-5058-378,0,SubGroup-0,0,Group-0
379,Act-5059-379,0,SubGroup-0,0,Group-0
380,Act-5060-380,0,SubGroup-0,0,Group-0
381,Act-5061-381,0,SubGroup-0,0,Group-0
382,Act-5062-382,0,SubGroup-0,0,Group-0
383,Act-5063-383,0,SubGroup-0,0,Group-0
384,Act-5064-384,0,SubGroup-0,0,Group-0
385,Act-5065-385,0,SubGroup-0,0,Group-0
386,Act-5066-386,0,SubGroup-0,0,Group-0
387,Act-5067-387,0,SubGroup-0,0,Group-0
388,Act-5068-388,0,SubGroup-0,0,Group-0
389,Act-5069-389,0,SubGroup-0,0,Group-0
390,Act-5070-390,0,SubGroup-0,0,Group-0
391,Act-5071-391,0,SubGroup-0,0,Group-0
392,Act-5072-392,0,SubGroup-0,0,Group-0
393,Act-5073-393,0,SubGroup-0,0,Group-0
394,Act-5074-394,0,SubGroup-0,0,Group-0
395,Act-5075-395,0,SubGroup-0,0,Group-0
396,Act-5076-396,0,SubGroup-0,0,Group-0
397,Act-5077-397,0,SubGroup-0,0,Group-0
398,Act-5078-398,0,SubGroup-0,0,Group-0
399,Act-5079-399,0,SubGroup-0,0,Group-0
400,Act-5000-400,0,SubGroup-0,0,Group-0
401,Act-5001-401,0,SubGroup-0,0,Group-0
402,Act-5002-402,0,SubGroup-0,0,Group-0
403,Act-5003-403,0,SubGroup-0,0,Group-0
404,Act-5004-404,0,SubGroup-0,0,Group-0
405,Act-5005-405,0,SubGroup-0,0,Group-0
406,Act-5006-406,0,SubGroup-0,0,Group-0
407,Act-5007-407,0,SubGroup-0,0,Group-0
408,Act-5008-408,0,SubGroup-0,0,Group-0
409,Act-5009-409,0,SubGroup-0,0,Group-0
410,Act-5010-410,0,SubGroup-0,0,Group-0
411,Act-5011-411,0,SubGroup-0,0,Group-0
412,Act-5012-412,0,SubGroup-0,0,Group-0
413,Act-5013-413,0,SubGroup-0,0,Group-0
414,Act-5014-414,0,SubGroup-0,0,Group-0
415,Act-5015-415,0,SubGroup-0,0,Group-0
416,Act-5016-416,0,SubGroup-0,0,Group-0
417,Act-5017-417,0,SubGroup-0,0,Group-0
418,Act-5018-418,0,SubGroup-0,0,Group-0
419,Act-5019-419,0,SubGroup-0,0,Group-0
420,Act-5020-420,0,SubGroup-0,0,Group-0
421,Act-5021-421,0,SubGroup-0,0,Group-0
422,Act-5022-422,0,SubGroup-0,0,Group-0
423,Act-5023-423,0,SubGroup-0,0,Group-0
424,Act-5024-424,0,SubGroup-0,0,Group-0
425,Act-5025-425,0,SubGroup-0,0,Group-0
426,Act-5026-426,0,SubGroup-0,0,Group-0
427,Act-5027-427,0,SubGroup-0,0,Group-0
428,Act-5028-428,0,SubGroup-0,0,Group-0
429,Act-5029-429,0,SubGroup-0,0,Group-0
430,Act-5030-430,0,SubGroup-0,0,Group-0
431,Act-5031-431,0,SubGroup-0,0,Group-0
432,Act-5032-432,0,SubGroup-0,0,Group-0
433,Act-5033-433,0,SubGroup-0,0,Group-0
434,Act-5034-434,0,SubGroup-0,0,Group-0
435,Act-5035-435,0,SubGroup-0,0,Group-0
436,Act-5036-436,0,SubGroup-0,0,Group-0
437,Act-5037-437,0,SubGroup-0,0,Group-0
438,Act-5038-438,0,SubGroup-0,0,Group-0
439,Act-5039-439,0,SubGroup-0,0,Group-0
440,Act-5040-440,0,SubGroup-0,0,Group-0
441,Act-5041-441,0,SubGroup-0,0,Group-0
442,Act-5042-442,0,SubGroup-0,0,Group-0
443,Act-5043-443,0,SubGroup-0,0,Group-0
444,Act-5044-444,0,SubGroup-0,0,Group-0
445,Act-5045-445,0,SubGroup-0,0,Group-0
446,Act-5046-446,0,SubGroup-0,0,Group-0
447,Act-5047-447,0,SubGroup-0,0,Group-0
448,Act-5048-448,0,SubGroup-0,0,Group-0
449,Act-5049-449,0,SubGroup-0,0,Group-0
450,Act-5050-450,0,SubGroup-0,0,Group-0
451,Act-5051-451,0,SubGroup-0,0,Group-0
452,Act-5052-452,0,SubGroup-0,0,Group-0
453,Act-5053-453,0,SubGroup-0,0,Group-0
454,Act-5054-454,0,SubGroup-0,0,Group-0
455,Act-5055-455,0,SubGroup-0,0,Group-0
456,Act-5056-456,0,SubGroup-0,0,Group-0
457,Act-5057-457,0,SubGroup-0,0,Group-0
458,Act-5058-458,0,SubGroup-0,0,Group-0
459,Act-5059-459,0,SubGroup-0,0,Group-0
460,Act-5060-460,0,SubGroup-0,0,Group-0
461,Act-5061-461,0,SubGroup-0,0,Group-0
462,Act-5062-462,0,SubGroup-0,0,Group-0
463,Act-5063-463,0,SubGroup-0,0,Group-0
464,Act-5064-464,0,SubGroup-0,0,Group-0
465,Act-5065-465,0,SubGroup-0,0,Group-0
466,Act-5066-466,0,SubGroup-0,0,Group-0
467,Act-5067-467,0,SubGroup-0,0,Group-0
468,Act-5068-468,0,SubGroup-0,0,Group-0
469,Act-5069-469,0,SubGroup-0,0,Group-0
470,Act-5070-470,0,SubGroup-0,0,Group-0
471,Act-5071-471,0,SubGroup-0,0,Group-0
472,Act-5072-472,0,SubGroup-0,0,Group-0
473,Act-5073-473,0,SubGroup-0,0,Group-0
474,Act-5074-474,0,SubGroup-0,0,Group-0
475,Act-5075-475,0,SubGroup-0,0,Group-0
476,Act-5076-476,0,SubGroup-0,0,Group-0
477,Act-5077-477,0,SubGroup-0,0,Group-0
478,Act-5078-478,0,SubGroup-0,0,Group-0
479,Act-5079-479,0,SubGroup-0,0,Group-0
480,Act-5000-480,0,SubGroup-0,0,Group-0
481,Act-5001-481,0,SubGroup-0,0,Group-0
482,Act-5002-482,0,SubGroup-0,0,Group-0
483,Act-5003-483,0,SubGroup-0,0,Group-0
484,Act-5004-484,0,SubGroup-0,0,Group-0
485,Act-5005-485,0,SubGroup-0,0,Group-0
486,Act-5006-486,0,SubGroup-0,0,Group-0
487,Act-5007-487,0,SubGroup-0,0,Group-0
488,Act-5008-488,0,SubGroup-0,0,Group-0
489,Act-5009-489,0,SubGroup-0,0,Group-0
490,Act-5010-490,0,SubGroup-0,0,Group-0
491,Act-5011-491,0,SubGroup-0,0,Group-0
492,Act-5012-492,0,SubGroup-0,0,Group-0
493,Act-5013-493,0,SubGroup-0,0,Group-0
494,Act-5014-494,0,SubGroup-0,0,Group-0
495,Act-5015-495,0,SubGroup-0,0,Group-0
496,Act-5016-496,0,SubGroup-0,0,Group-0
497,Act-5017-497,0,SubGroup-0,0,Group-0
498,Act-5018-498,0,SubGroup-0,0,Group-0
499,Act-5019-499,0,SubGroup-0,0,Group-0
500,Act-5020-500,0,SubGroup-0,0,Group-0
501,Act-5021-501,0,SubGroup-0,0,Group-0
502,Act-5022-502,0,SubGroup-0,0,Group-0
503,Act-5023-503,0,SubGroup-0,0,Group-0
504,Act-5024-504,0,SubGroup-0,0,Group-0
505,Act-5025-505,0,SubGroup-0,0,Group-0
506,Act-5026-506,0,SubGroup-0,0,Group-0
507,Act-5027-507,0,SubGroup-0,0,Group-0
508,Act-5028-508,0,SubGroup-0,0,Group-0
509,Act-5029-509,0,SubGroup-0,0,Group-0
510,Act-5030-510,0,SubGroup-0,0,Group-0
511,Act-5031-511,0,SubGroup-0,0,Group-0
512,Act-5032-512,0,SubGroup-0,0,Group-0
513,Act-5033-513,0,SubGroup-0,0,Group-0
514,Act-5034-514,0,SubGroup-0,0,Group-0
515,Act-5035-515,0,SubGroup-0,0,Group-0
516,Act-5036-516,0,SubGroup-0,0,Group-0
517,Act-5037-517,0,SubGroup-0,0,Group-0
518,Act-5038-518,0,SubGroup-0,0,Group-0
519,Act-5039-519,0,SubGroup-0,0,Group-0
520,Act-5040-520,0,SubGroup-0,0,Group-0
521,Act-5041-521,0,SubGroup-0,0,Group-0
522,Act-5042-522,0,SubGroup-0,0,Group-0
523,Act-5043-523,0,SubGroup-0,0,Group-0
524,Act-5044-524,0,SubGroup-0,0,Group-0
525,Act-5045-525,0,SubGroup-0,0,Group-0
526,Act-5046-526,0,SubGroup-0,0,Group-0
527,Act-5047-527,0,SubGroup-0,0,Group-0
528,Act-5048-528,0,SubGroup-0,0,Group-0
529,Act-5049-529,0,SubGroup-0,0,Group-0
530,Act-5050-530,0,SubGroup-0,0,Group-0
531,Act-5051-531,0,SubGroup-0,0,Group-0
532,Act-5052-532,0,SubGroup-0,0,Group-0
533,Act-5053-533,0,SubGroup-0,0,Group-0
534,Act-5054-534,0,SubGroup-0,0,Group-0
535,Act-5055-535,0,SubGroup-0,0,Group-0
536,Act-5056-536,0,SubGroup-0,0,Group-0
537,Act-5057-537,0,SubGroup-0,0,Group-0
538,Act-5058-538,0,SubGroup-0,0,Group-0
539,Act-5059-539,0,SubGroup-0,0,Group-0
540,Act-5060-540,0,SubGroup-0,0,Group-0
541,Act-5061-541,0,SubGroup-0,0,Group-0
542,Act-5062-542,0,SubGroup-0,0,Group-0
543,Act-5063-543,0,SubGroup-0,0,Group-0
544,Act-5064-544,0,SubGroup-0,0,Group-0
545,Act-5065-545,0,SubGroup-0,0,Group-0
546,Act-5066-546,0,SubGroup-0,0,Group-0
547,Act-5067-547,0,SubGroup-0,0,Group-0
548,Act-5068-548,0,SubGroup-0,0,Group-0
549,Act-5069-549,0,SubGroup-0,0,Group-0
550,Act-5070-550,0,SubGroup-0,0,Group-0
551,Act-5071-551,0,SubGroup-0,0,Group-0
552,Act-5072-552,0,SubGroup-0,0,Group-0
553,Act-5073-553,0,SubGroup-0,0,Group-0
554,Act-5074-554,0,SubGroup-0,0,Group-0
555,Act-5075-555,0,SubGroup-0,0,Group-0
556,Act-5076-556,0,SubGroup-0,0,Group-0
557,Act-5077-557,0,SubGroup-0,0,Group-0
558,Act-5078-558,0,SubGroup-0,0,Group-0
559,Act-5079-559,0,SubGroup-0,0,Group-0
560,Act-5000-560,0,SubGroup-0,0,Group-0
561,Act-5001-561,0,SubGroup-0,0,Group-0
562,Act-5002-562,0,SubGroup-0,0,Group-0
563,Act-5003-563,0,SubGroup-0,0,Group-0
564,Act-5004-564,0,SubGroup-0,0,Group-0
565,Act-5005-565,0,SubGroup-0,0,Group-0
566,Act-5006-566,0,SubGroup-0,0,Group-0
567,Act-5007-567,0,SubGroup-0,0,Group-0
568,Act-5008-568,0,SubGroup-0,0,Group-0
569,Act-5009-569,0,SubGroup-0,0,Group-0
570,Act-5010-570,0,SubGroup-0,0,Group-0
571,Act-5011-571,0,SubGroup-0,0,Group-0
572,Act-5012-572,0,SubGroup-0,0,Group-0
573,Act-5013-573,0,SubGroup-0,0,Group-0
574,Act-5014-574,0,SubGroup-0,0,Group-0
575,Act-5015-575,0,SubGroup-0,0,Group-0
576,Act-5016-576,0,SubGroup-0,0,Group-0
577,Act-5017-577,0,SubGroup-0,0,Group-0
578,Act-5018-578,0,SubGroup-0,0,Group-0
579,Act-5019-579,0,SubGroup-0,0,Group-0
580,Act-5020-580,0,SubGroup-0,0,Group-0
581,Act-5021-581,0,SubGroup-0,0,Group-0
582,Act-5022-582,0,SubGroup-0,0,Group-0
583,Act-5023-583,0,SubGroup-0,0,Group-0
584,Act-5024-584,0,SubGroup-0,0,Group-0
585,Act-5025-585,0,SubGroup-0,0,Group-0
586,Act-5026-586,0,SubGroup-0,0,Group-0
587,Act-5027-587,0,SubGroup-0,0,Group-0
588,Act-5028-588,0,SubGroup-0,0,Group-0
589,Act-5029-589,0,SubGroup-0,0,Group-0
590,Act-5030-590,0,SubGroup-0,0,Group-0
591,Act-5031-591,0,SubGroup-0,0,Group-0
592,Act-5032-592,0,SubGroup-0,0,Group-0
593,Act-5033-593,0,SubGroup-0,0,Group-0
594,Act-5034-594,0,SubGroup-0,0,Group-0
595,Act-5035-595,0,SubGroup-0,0,Group-0
596,Act-5036-596,0,SubGroup-0,0,Group-0
597,Act-5037-597,0,SubGroup-0,0,Group-0
598,Act-5038-598,0,SubGroup-0,0,Group-0
599,Act-5039-599,0,SubGroup-0,0,Group-0
600,Act-5040-600,0,SubGroup-0,0,Group-0
601,Act-5041-601,0,SubGroup-0,0,Group-0
602,Act-5042-602,0,SubGroup-0,0,Group-0
603,Act-5043-603,0,SubGroup-0,0,Group-0
604,Act-5044-604,0,SubGroup-0,0,Group-0
605,Act-5045-605,0,SubGroup-0,0,Group-0
606,Act-5046-606,0,SubGroup-0,0,Group-0
607,Act-5047-607,0,SubGroup-0,0,Group-0
608,Act-5048-608,0,SubGroup-0,0,Group-0
609,Act-5049-609,0,SubGroup-0,0,Group-0
610,Act-5050-610,0,SubGroup-0,0,Group-0
611,Act-5051-611,0,SubGroup-0,0,Group-0
612,Act-5052-612,0,SubGroup-0,0,Group-0
613,Act-5053-613,0,SubGroup-0,0,Group-0
614,Act-5054-614,0,SubGroup-0,0,Group-0
615,Act-5055-615,0,SubGroup-0,0,Group-0
616,Act-5056-616,0,SubGroup-0,0,Group-0
617,Act-5057-617,0,SubGroup-0,0,Group-0
618,Act-5058-618,0,SubGroup-0,0,Group-0
619,Act-5059-619,0,SubGroup-0,0,Group-0
620,Act-5060-620,0,SubGroup-0,0,Group-0
621,Act-5061-621,0,SubGroup-0,0,Group-0
622,Act-5062-622,0,SubGroup-0,0,Group-0
623,Act-5063-623,0,SubGroup-0,0,Group-0
624,Act-5064-624,0,SubGroup-0,0,Group-0
625,Act-5065-625,0,SubGroup-0,0,Group-0
626,Act-5066-626,0,SubGroup-0,0,Group-0
627,Act-5067-627,0,SubGroup-0,0,Group-0
628,Act-5068-628,0,SubGroup-0,0,Group-0
629,Act-5069-629,0,SubGroup-0,0,Group-0
630,Act-5070-630,0,SubGroup-0,0,Group-0
631,Act-5071-631,0,SubGroup-0,0,Group-0
632,Act-5072-632,0,SubGroup-0,0,Group-0
633,Act-5073-633,0,SubGroup-0,0,Group-0
634,Act-5074-634,0,SubGroup-0,0,Group-0
635,Act-5075-635,0,SubGroup-0,0,Group-0
636,Act-5076-636,0,SubGroup-0,0,Group-0
637,Act-5077-637,0,SubGroup-0,0,Group-0
638,Act-5078-638,0,SubGroup-0,0,Group-0
639,Act-5079-639,0,SubGroup-0,0,Group-0
640,Act-5000-640,0,SubGroup-0,0,Group-0
641,Act-5001-641,0,SubGroup-0,0,Group-0
642,Act-5002-642,0,SubGroup-0,0,Group-0
643,Act-5003-643,0,SubGroup-0,0,Group-0
644,Act-5004-644,0,SubGroup-0,0,Group-0
645,Act-5005-645,0,SubGroup-0,0,Group-0
646,Act-5006-646,0,SubGroup-0,0,Group-0
647,Act-5007-647,0,SubGroup-0,0,Group-0
648,Act-5008-648,0,SubGroup-0,0,Group-0
649,Act-5009-649,0,SubGroup-0,0,Group-0
650,Act-5010-650,0,SubGroup-0,0,Group-0
651,Act-5011-651,0,SubGroup-0,0,Group-0
652,Act-5012-652,0,SubGroup-0,0,Group-0
653,Act-5013-653,0,SubGroup-0,0,Group-0
654,Act-5014-654,0,SubGroup-0,0,Group-0
655,Act-5015-655,0,SubGroup-0,0,Group-0
656,Act-5016-656,0,SubGroup-0,0,Group-0
657,Act-5017-657,0,SubGroup-0,0,Group-0
658,Act-5018-658,0,SubGroup-0,0,Group-0
659,Act-5019-659,0,SubGroup-0,0,Group-0
660,Act-5020-660,0,SubGroup-0,0,Group-0
661,Act-5021-661,0,SubGroup-0,0,Group-0
662,Act-5022-662,0,SubGroup-0,0,Group-0
663,Act-5023-663,0,SubGroup-0,0,Group-0
664,Act-5024-664,0,SubGroup-0,0,Group-0
665,Act-5025-665,0,SubGroup-0,0,Group-0
666,Act-5026-666,0,SubGroup-0,0,Group-0
667,Act-5027-667,0,SubGroup-0,0,Group-0
668,Act-5028-668,0,SubGroup-0,0,Group-0
669,Act-5029-669,0,SubGroup-0,0,Group-0
670,Act-5030-670,0,SubGroup-0,0,Group-0
671,Act-5031-671,0,SubGroup-0,0,Group-0
672,Act-5032-672,0,SubGroup-0,0,Group-0
673,Act-5033-673,0,SubGroup-0,0,Group-0
674,Act-5034-674,0,SubGroup-0,0,Group-0
675,Act-5035-675,0,SubGroup-0,0,Group-0
676,Act-5036-676,0,SubGroup-0,0,Group-0
677,Act-5037-677,0,SubGroup-0,0,Group-0
678,Act-5038-678,0,SubGroup-0,0,Group-0
679,Act-5039-679,0,SubGroup-0,0,Group-0
680,Act-5040-680,0,SubGroup-0,0,Group-0
681,Act-5041-681,0,SubGroup-0,0,Group-0
682,Act-5042-682,0,SubGroup-0,0,Group-0
683,Act-5043-683,0,SubGroup-0,0,Group-0
684,Act-5044-684,0,SubGroup-0,0,Group-0
685,Act-5045-685,0,SubGroup-0,0,Group-0
686,Act-5046-686,0,SubGroup-0,0,Group-0
687,Act-5047-687,0,SubGroup-0,0,Group-0
688,Act-5048-688,0,SubGroup-0,0,Group-0
689,Act-5049-689,0,SubGroup-0,0,Group-0
690,Act-5050-690,0,SubGroup-0,0,Group-0
691,Act-5051-691,0,SubGroup-0,0,Group-0
692,Act-5052-692,0,SubGroup-0,0,Group-0
693,Act-5053-693,0,SubGroup-0,0,Group-0
694,Act-5054-694,0,SubGroup-0,0,Group-0
695,Act-5055-695,0,SubGroup-0,0,Group-0
696,Act-5056-696,0,SubGroup-0,0,Group-0
697,Act-5057-697,0,SubGroup-0,0,Group-0
698,Act-5058-698,0,SubGroup-0,0,Group-0
699,Act-5059-699,0,SubGroup-0,0,Group-0
700,Act-5060-700,0,SubGroup-0,0,Group-0
701,Act-5061-701,0,SubGroup-0,0,Group-0
702,Act-5062-702,0,SubGroup-0,0,Group-0
703,Act-5063-703,0,SubGroup-0,0,Group-0
704,Act-5064-704,0,SubGroup-0,0,Group-0
705,Act-5065-705,0,SubGroup-0,0,Group-0
706,Act-5066-706,0,SubGroup-0,0,Group-0
707,Act-5067-707,0,SubGroup-0,0,Group-0
708,Act-5068-708,0,SubGroup-0,0,Group-0
709,Act-5069-709,0,SubGroup-0,0,Group-0
710,Act-5070-710,0,SubGroup-0,0,Group-0
711,Act-5071-711,0,SubGroup-0,0,Group-0
712,Act-5072-712,0,SubGroup-0,0,Group-0
713,Act-5073-713,0,SubGroup-0,0,Group-0
714,Act-5074-714,0,SubGroup-0,0,Group-0
715,Act-5075-715,0,SubGroup-0,0,Group-0
716,Act-5076-716,0,SubGroup-0,0,Group-0
717,Act-5077-717,0,SubGroup-0,0,Group-0
718,Act-5078-718,0,SubGroup-0,0,Group-0
719,Act-5079-719,0,SubGroup-0,0,Group-0
720,Act-5000-720,0,SubGroup-0,0,Group-0
721,Act-5001-721,0,SubGroup-0,0,Group-0
722,Act-5002-722,0,SubGroup-0,0,Group-0
723,Act-5003-723,0,SubGroup-0,0,Group-0
724,Act-5004-724,0,SubGroup-0,0,Group-0
725,Act-5005-725,0,SubGroup-0,0,Group-0
726,Act-5006-726,0,SubGroup-0,0,Group-0
727,Act-5007-727,0,SubGroup-0,0,Group-0
728,Act-5008-728,0,SubGroup-0,0,Group-0
729,Act-5009-729,0,SubGroup-0,0,Group-0
730,Act-5010-730,0,SubGroup-0,0,Group-0
731,Act-5011-731,0,SubGroup-0,0,Group-0
732,Act-5012-732,0,SubGroup-0,0,Group-0
733,Act-5013-733,0,SubGroup-0,0,Group-0
734,Act-5014-734,0,SubGroup-0,0,Group-0
735,Act-5015-735,0,SubGroup-0,0,Group-0
736,Act-5016-736,0,SubGroup-0,0,Group-0
737,Act-5017-737,0,SubGroup-0,0,Group-0
738,Act-5018-738,0,SubGroup-0,0,Group-0
739,Act-5019-739,0,SubGroup-0,0,Group-0
740,Act-5020-740,0,SubGroup-0,0,Group-0
741,Act-5021-741,0,SubGroup-0,0,Group-0
742,Act-5022-742,0,SubGroup-0,0,Group-0
743,Act-5023-743,0,SubGroup-0,0,Group-0
744,Act-5024-744,0,SubGroup-0,0,Group-0
745,Act-5025-745,0,SubGroup-0,0,Group-0
746,Act-5026-746,0,SubGroup-0,0,Group-0
747,Act-5027-747,0,SubGroup-0,0,Group-0
748,Act-5028-748,0,SubGroup-0,0,Group-0
749,Act-5029-749,0,SubGroup-0,0,Group-0
750,Act-5030-750,0,SubGroup-0,0,Group-0
751,Act-5031-751,0,SubGroup-0,0,Group-0
752,Act-5032-752,0,SubGroup-0,0,Group-0
753,Act-5033-753,0,SubGroup-0,0,Group-0
754,Act-5034-754,0,SubGroup-0,0,Group-0
755,Act-5035-755,0,SubGroup-0,0,Group-0
756,Act-5036-756,0,SubGroup-0,0,Group-0
757,Act-5037-757,0,SubGroup-0,0,Group-0
758,Act-5038-758,0,SubGroup-0,0,Group-0
759,Act-5039-759,0,SubGroup-0,0,Group-0
760,Act-5040-760,0,SubGroup-0,0,Group-0
761,Act-5041-761,0,SubGroup-0,0,Group-0
762,Act-5042-762,0,SubGroup-0,0,Group-0
763,Act-5043-763,0,SubGroup-0,0,Group-0
764,Act-5044-764,0,SubGroup-0,0,Group-0
765,Act-5045-765,0,SubGroup-0,0,Group-0
766,Act-5046-766,0,SubGroup-0,0,Group-0
767,Act-5047-767,0,SubGroup-0,0,Group-0
768,Act-5048-768,0,SubGroup-0,0,Group-0
769,Act-5049-769,0,SubGroup-0,0,Group-0
770,Act-5050-770,0,SubGroup-0,0,Group-0
771,Act-5051-771,0,SubGroup-0,0,Group-0
772,Act-5052-772,0,SubGroup-0,0,Group-0
773,Act-5053-773,0,SubGroup-0,0,Group-0
774,Act-5054-774,0,SubGroup-0,0,Group-0
775,Act-5055-775,0,SubGroup-0,0,Group-0
776,Act-5056-776,0,SubGroup-0,0,Group-0
777,Act-5057-777,0,SubGroup-0,0,Group-0
778,Act-5058-778,0,SubGroup-0,0,Group-0
779,Act-5059-779,0,SubGroup-0,0,Group-0
780,Act-5060-780,0,SubGroup-0,0,Group-0
781,Act-5061-781,0,SubGroup-0,0,Group-0
782,Act-5062-782,0,SubGroup-0,0,Group-0
783,Act-5063-783,0,SubGroup-0,0,Group-0
784,Act-5064-784,0,SubGroup-0,0,Group-0
785,Act-5065-785,0,SubGroup-0,0,Group-0
786,Act-5066-786,0,SubGroup-0,0,Group-0
787,Act-5067-787,0,SubGroup-0,0,Group-0
788,Act-5068-788,0,SubGroup-0,0,Group-0
789,Act-5069-789,0,SubGroup-0,0,Group-0
790,Act-5070-790,0,SubGroup-0,0,Group-0
791,Act-5071-791,0,SubGroup-0,0,Group-0
792,Act-5072-792,0,SubGroup-0,0,Group-0
793,Act-5073-793,0,SubGroup-0,0,Group-0
794,Act-5074-794,0,SubGroup-0,0,Group-0
795,Act-5075-795,0,SubGroup-0,0,Group-0
796,Act-5076-796,0,SubGroup-0,0,Group-0
797,Act-5077-797,0,SubGroup-0,0,Group-0
798,Act-5078-798,0,SubGroup-0,0,Group-0
799,Act-5079-799,0,SubGroup-0,0,Group-0
800,Act-5000-800,0,SubGroup-0,0,Group-0
801,Act-5001-801,0,SubGroup-0,0,Group-0
802,Act-5002-802,0,SubGroup-0,0,Group-0
803,Act-5003-803,0,SubGroup-0,0,Group-0
804,Act-5004-804,0,SubGroup-0,0,Group-0
805,Act-5005-805,0,SubGroup-0,0,Group-0
806,Act-5006-806,0,SubGroup-0,0,Group-0
807,Act-5007-807,0,SubGroup-0,0,Group-0
808,Act-5008-808,0,SubGroup-0,0,Group-0
809,Act-5009-809,0,SubGroup-0,0,Group-0
810,Act-5010-810,0,SubGroup-0,0,Group-0
811,Act-5011-811,0,SubGroup-0,0,Group-0
812,Act-5012-812,0,SubGroup-0,0,Group-0
813,Act-5013-813,0,SubGroup-0,0,Group-0
814,Act-5014-814,0,SubGroup-0,0,Group-0
815,Act-5015-815,0,SubGroup-0,0,Group-0
816,Act-5016-816,0,SubGroup-0,0,Group-0
817,Act-5017-817,0,SubGroup-0,0,Group-0
818,Act-5018-818,0,SubGroup-0,0,Group-0
819,Act-5019-819,0,SubGroup-0,0,Group-0
820,Act-5020-820,0,SubGroup-0,0,Group-0
821,Act-5021-821,0,SubGroup-0,0,Group-0
822,Act-5022-822,0,SubGroup-0,0,Group-0
823,Act-5023-823,0,SubGroup-0,0,Group-0
824,Act-5024-824,0,SubGroup-0,0,Group-0
825,Act-5025-825,0,SubGroup-0,0,Group-0
826,Act-5026-826,0,SubGroup-0,0,Group-0
827,Act-5027-827,0,SubGroup-0,0,Group-0
828,Act-5028-828,0,SubGroup-0,0,Group-0
829,Act-5029-829,0,SubGroup-0,0,Group-0
830,Act-5030-830,0,SubGroup-0,0,Group-0
831,Act-5031-831,0,SubGroup-0,0,Group-0
832,Act-5032-832,0,SubGroup-0,0,Group-0
833,Act-5033-833,0,SubGroup-0,0,Group-0
834,Act-5034-834,0,SubGroup-0,0,Group-0
835,Act-5035-835,0,SubGroup-0,0,Group-0
836,Act-5036-836,0,SubGroup-0,0,Group-0
837,Act-5037-837,0,SubGroup-0,0,Group-0
838,Act-5038-838,0,SubGroup-0,0,Group-0
839,Act-5039-839,0,SubGroup-0,0,Group-0
840,Act-5040-840,0,SubGroup-0,0,Group-0
841,Act-5041-841,0,SubGroup-0,0,Group-0
842,Act-5042-842,0,SubGroup-0,0,Group-0
843,Act-5043-843,0,SubGroup-0,0,Group-0
844,Act-5044-844,0,SubGroup-0,0,Group-0
845,Act-5045-845,0,SubGroup-0,0,Group-0
846,Act-5046-846,0,SubGroup-0,0,Group-0
847,Act-5047-847,0,SubGroup-0,0,Group-0
848,Act-5048-848,0,SubGroup-0,0,Group-0
849,Act-5049-849,0,SubGroup-0,0,Group-0
850,Act-5050-850,0,SubGroup-0,0,Group-0
851,Act-5051-851,0,SubGroup-0,0,Group-0
852,Act-5052-852,0,SubGroup-0,0,Group-0
853,Act-5053-853,0,SubGroup-0,0,Group-0
854,Act-5054-854,0,SubGroup-0,0,Group-0
855,Act-5055-855,0,SubGroup-0,0,Group-0
856,Act-5056-856,0,SubGroup-0,0,Group-0
857,Act-5057-857,0,SubGroup-0,0,Group-0
858,Act-5058-858,0,SubGroup-0,0,Group-0
859,Act-5059-859,0,SubGroup-0,0,Group-0
860,Act-5060-860,0,SubGroup-0,0,Group-0
861,Act-5061-861,0,SubGroup-0,0,Group-0
862,Act-5062-862,0,SubGroup-0,0,Group-0
863,Act-5063-863,0,SubGroup-0,0,Group-0
864,Act-5064-864,0,SubGroup-0,0,Group-0
865,Act-5065-865,0,SubGroup-0,0,Group-0
866,Act-5066-866,0,SubGroup-0,0,Group-0
867,Act-5067-867,0,SubGroup-0,0,Group-0
868,Act-5068-868,0,SubGroup-0,0,Group-0
869,Act-5069-869,0,SubGroup-0,0,Group-0
870,Act-5070-870,0,SubGroup-0,0,Group-0
871,Act-5071-871,0,SubGroup-0,0,Group-0
872,Act-5072-872,0,SubGroup-0,0,Group-0
873,Act-5073-873,0,SubGroup-0,0,Group-0
874,Act-5074-874,0,SubGroup-0,0,Group-0
875,Act-5075-875,0,SubGroup-0,0,Group-0
876,Act-5076-876,0,SubGroup-0,0,Group-0
877,Act-5077-877,0,SubGroup-0,0,Group-0
878,Act-5078-878,0,SubGroup-0,0,Group-0
879,Act-5079-879,0,SubGroup-0,0,Group-0
880,Act-5000-880,0,SubGroup-0,0,Group-0
881,Act-5001-881,0,SubGroup-0,0,Group-0
882,Act-5002-882,0,SubGroup-0,0,Group-0
883,Act-5003-883,0,SubGroup-0,0,Group-0
884,Act-5004-884,0,SubGroup-0,0,Group-0
885,Act-5005-885,0,SubGroup-0,0,Group-0
886,Act-5006-886,0,SubGroup-0,0,Group-0
887,Act-5007-887,0,SubGroup-0,0,Group-0
888,Act-5008-888,0,SubGroup-0,0,Group-0
889,Act-5009-889,0,SubGroup-0,0,Group-0
890,Act-5010-890,0,SubGroup-0,0,Group-0
891,Act-5011-891,0,SubGroup-0,0,Group-0
892,Act-5012-892,0,SubGroup-0,0,Group-0
893,Act-5013-893,0,SubGroup-0,0,Group-0
894,Act-5014-894,0,SubGroup-0,0,Group-0
895,Act-5015-895,0,SubGroup-0,0,Group-0
896,Act-5016-896,0,SubGroup-0,0,Group-0
897,Act-5017-897,0,SubGroup-0,0,Group-0
898,Act-5018-898,0,SubGroup-0,0,Group-0
899,Act-5019-899,0,SubGroup-0,0,Group-0
900,Act-5020-900,0,SubGroup-0,0,Group-0
901,Act-5021-901,0,SubGroup-0,0,Group-0
902,Act-5022-902,0,SubGroup-0,0,Group-0
903,Act-5023-903,0,SubGroup-0,0,Group-0
904,Act-5024-904,0,SubGroup-0,0,Group-0
905,Act-5025-905,0,SubGroup-0,0,Group-0
906,Act-5026-906,0,SubGroup-0,0,Group-0
907,Act-5027-907,0,SubGroup-0,0,Group-0
908,Act-5028-908,0,SubGroup-0,0,Group-0
909,Act-5029-909,0,SubGroup-0,0,Group-0
910,Act-5030-910,0,SubGroup-0,0,Group-0
911,Act-5031-911,0,SubGroup-0,0,Group-0
912,Act-5032-912,0,SubGroup-0,0,Group-0
913,Act-5033-913,0,SubGroup-0,0,Group-0
914,Act-5034-914,0,SubGroup-0,0,Group-0
915,Act-5035-915,0,SubGroup-0,0,Group-0
916,Act-5036-916,0,SubGroup-0,0,Group-0
917,Act-5037-917,0,SubGroup-0,0,Group-0
918,Act-5038-918,0,SubGroup-0,0,Group-0
919,Act-5039-919,0,SubGroup-0,0,Group-0
920,Act-5040-920,0,SubGroup-0,0,Group-0
921,Act-5041-921,0,SubGroup-0,0,Group-0
922,Act-5042-922,0,SubGroup-0,0,Group-0
923,Act-5043-923,0,SubGroup-0,0,Group-0
924,Act-5044-924,0,SubGroup-0,0,Group-0
925,Act-5045-925,0,SubGroup-0,0,Group-0
926,Act-5046-926,0,SubGroup-0,0,Group-0
927,Act-5047-927,0,SubGroup-0,0,Group-0
928,Act-5048-928,0,SubGroup-0,0,Group-0
929,Act-5049-929,0,SubGroup-0,0,Group-0
930,Act-5050-930,0,SubGroup-0,0,Group-0
931,Act-5051-931,0,SubGroup-0,0,Group-0
932,Act-5052-932,0,SubGroup-0,0,Group-0
933,Act-5053-933,0,SubGroup-0,0,Group-0
934,Act-5054-934,0,SubGroup-0,0,Group-0
935,Act-5055-935,0,SubGroup-0,0,Group-0
936,Act-5056-936,0,SubGroup-0,0,Group-0
937,Act-5057-937,0,SubGroup-0,0,Group-0
938,Act-5058-938,0,SubGroup-0,0,Group-0
939,Act-5059-939,0,SubGroup-0,0,Group-0
940,Act-5060-940,0,SubGroup-0,0,Group-0
941,Act-5061-941,0,SubGroup-0,0,Group-0
942,Act-5062-942,0,SubGroup-0,0,Group-0
943,Act-5063-943,0,SubGroup-0,0,Group-0
944,Act-5064-944,0,SubGroup-0,0,Group-0
945,Act-5065-945,0,SubGroup-0,0,Group-0
946,Act-5066-946,0,SubGroup-0,0,Group-0
947,Act-5067-947,0,SubGroup-0,0,Group-0
948,Act-5068-948,0,SubGroup-0,0,Group-0
949,Act-5069-949,0,SubGroup-0,0,Group-0
950,Act-5070-950,0,SubGroup-0,0,Group-0
951,Act-5071-951,0,SubGroup-0,0,Group-0
952,Act-5072-952,0,SubGroup-0,0,Group-0
953,Act-5073-953,0,SubGroup-0,0,Group-0
954,Act-5074-954,0,SubGroup-0,0,Group-0
955,Act-5075-955,0,SubGroup-0,0,Group-0
956,Act-5076-956,0,SubGroup-0,0,Group-0
957,Act-5077-957,0,SubGroup-0,0,Group-0
958,Act-5078-958,0,SubGroup-0,0,Group-0
959,Act-5079-959,0,SubGroup-0,0,Group-0
960,Act-5000-960,0,SubGroup-0,0,Group-0
961,Act-5001-961,0,SubGroup-0,0,Group-0
962,Act-5002-962,0,SubGroup-0,0,Group-0
963,Act-5003-963,0,SubGroup-0,0,Group-0
964,Act-5004-964,0,SubGroup-0,0,Group-0
965,Act-5005-965,0,SubGroup-0,0,Group-0
966,Act-5006-966,0,SubGroup-0,0,Group-0
967,Act-5007-967,0,SubGroup-0,0,Group-0
968,Act-5008-968,0,SubGroup-0,0,Group-0
969,Act-5009-969,0,SubGroup-0,0,Group-0
970,Act-5010-970,0,SubGroup-0,0,Group-0
971,Act-5011-971,0,SubGroup-0,0,Group-0
972,Act-5012-972,0,SubGroup-0,0,Group-0
973,Act-5013-973,0,SubGroup-0,0,Group-0
974,Act-5014-974,0,SubGroup-0,0,Group-0
975,Act-5015-975,0,SubGroup-0,0,Group-0
976,Act-5016-976,0,SubGroup-0,0,Group-0
977,Act-5017-977,0,SubGroup-0,0,Group-0
978,Act-5018-978,0,SubGroup-0,0,Group-0
979,Act-5019-979,0,SubGroup-0,0,Group-0
980,Act-5020-980,0,SubGroup-0,0,Group-0
981,Act-5021-981,0,SubGroup-0,0,Group-0
982,Act-5022-982,0,SubGroup-0,0,Group-0
983,Act-5023-983,0,SubGroup-0,0,Group-0
984,Act-5024-984,0,SubGroup-0,0,Group-0
985,Act-5025-985,0,SubGroup-0,0,Group-0
986,Act-5026-986,0,SubGroup-0,0,Group-0
987,Act-5027-987,0,SubGroup-0,0,Group-0
988,Act-5028-988,0,SubGroup-0,0,Group-0
989,Act-5029-989,0,SubGroup-0,0,Group-0
990,Act-5030-990,0,SubGroup-0,0,Group-0
991,Act-5031-991,0,SubGroup-0,0,Group-0
992,Act-5032-992,0,SubGroup-0,0,Group-0
993,Act-5033-993,0,SubGroup-0,0,Group-0
994,Act-5034-994,0,SubGroup-0,0,Group-0
995,Act-5035-995,0,SubGroup-0,0,Group-0
996,Act-5036-996,0,SubGroup-0,0,Group-0
997,Act-5037-997,0,SubGroup-0,0,Group-0
998,Act-5038-998,0,SubGroup-0,0,Group-0
999,Act-5039-999,0,SubGroup-0,0,Group-0
1000,Act-5001-0,0,SubGroup-0,0,Group-0
1001,Act-5002-1,0,SubGroup-0,0,Group-0
1002,Act-5003-2,0,SubGroup-0,0,Group-0
1003,Act-5004-3,0,SubGroup-0,0,Group-0
1004,Act-5005-4,0,SubGroup-0,0,Group-0
1005,Act-5006-5,0,SubGroup-0,0,Group-0
1006,Act-5007-6,0,SubGroup-0,0,Group-0
1007,Act-5008-7,0,SubGroup-0,0,Group-0
1008,Act-5009-8,0,SubGroup-0,0,Group-0
1009,Act-5010-9,0,SubGroup-0,0,Group-0
1010,Act-5011-10,0,SubGroup-0,0,Group-0
1011,Act-5012-11,0,SubGroup-0,0,Group-0
1012,Act-5013-12,0,SubGroup-0,0,Group-0
1013,Act-5014-13,0,SubGroup-0,0,Group-0
1014,Act-5015-14,0,SubGroup-0,0,Group-0
1015,Act-5016-15,0,SubGroup-0,0,Group-0
1016,Act-5017-16,0,SubGroup-0,0,Group-0
1017,Act-5018-17,0,SubGroup-0,0,Group-0
1018,Act-5019-18,0,SubGroup-0,0,Group-0
1019,Act-5020-19,0,SubGroup-0,0,Group-0
1020,Act-5021-20,0,SubGroup-0,0,Group-0
1021,Act-5022-21,0,SubGroup-0,0,Group-0
1022,Act-5023-22,0,SubGroup-0,0,Group-0
1023,Act-5024-23,0,SubGroup-0,0,Group-0
1024,Act-5025-24,0,SubGroup-0,0,Group-0
1025,Act-5026-25,0,SubGroup-0,0,Group-0
1026,Act-5027-26,0,SubGroup-0,0,Group-0
1027,Act-5028-27,0,SubGroup-0,0,Group-0
1028,Act-5029-28,0,SubGroup-0,0,Group-0
1029,Act-5030-29,0,SubGroup-0,0,Group-0
1030,Act-5031-30,0,SubGroup-0,0,Group-0
1031,Act-5032-31,0,SubGroup-0,0,Group-0
1032,Act-5033-32,0,SubGroup-0,0,Group-0
1033,Act-5034-33,0,SubGroup-0,0,Group-0
1034,Act-5035-34,0,SubGroup-0,0,Group-0
1035,Act-5036-35,0,SubGroup-0,0,Group-0
1036,Act-5037-36,0,SubGroup-0,0,Group-0
1037,Act-5038-37,0,SubGroup-0,0,Group-0
1038,Act-5039-38,0,SubGroup-0,0,Group-0
1039,Act-5040-39,0,SubGroup-0,0,Group-0
1040,Act-5041-40,0,SubGroup-0,0,Group-0
1041,Act-5042-41,0,SubGroup-0,0,Group-0
1042,Act-5043-42,0,SubGroup-0,0,Group-0
1043,Act-5044-43,0,SubGroup-0,0,Group-0
1044,Act-5045-44,0,SubGroup-0,0,Group-0
1045,Act-5046-45,0,SubGroup-0,0,Group-0
1046,Act-5047-46,0,SubGroup-0,0,Group-0
1047,Act-5048-47,0,SubGroup-0,0,Group-0
1048,Act-5049-48,0,SubGroup-0,0,Group-0
1049,Act-5050-49,0,SubGroup-0,0,Group-0
1050,Act-5051-50,0,SubGroup-0,0,Group-0
1051,Act-5052-51,0,SubGroup-0,0,Group-0
1052,Act-5053-52,0,SubGroup-0,0,Group-0
1053,Act-5054-53,0,SubGroup-0,0,Group-0
1054,Act-5055-54,0,SubGroup-0,0,Group-0
1055,Act-5056-55,0,SubGroup-0,0,Group-0
1056,Act-5057-56,0,SubGroup-0,0,Group-0
1057,Act-5058-57,0,SubGroup-0,0,Group-0
1058,Act-5059-58,0,SubGroup-0,0,Group-0
1059,Act-5060-59,0,SubGroup-0,0,Group-0
1060,Act-5061-60,0,SubGroup-0,0,Group-0
1061,Act-5062-61,0,SubGroup-0,0,Group-0
1062,Act-5063-62,0,SubGroup-0,0,Group-0
1063,Act-5064-63,0,SubGroup-0,0,Group-0
1064,Act-5065-64,0,SubGroup-0,0,Group-0
1065,Act-5066-65,0,SubGroup-0,0,Group-0
1066,Act-5067-66,0,SubGroup-0,0,Group-0
1067,Act-5068-67,0,SubGroup-0,0,Group-0
1068,Act-5069-68,0,SubGroup-0,0,Group-0
1069,Act-5070-69,0,SubGroup-0,0,Group-0
1070,Act-5071-70,0,SubGroup-0,0,Group-0
1071,Act-5072-71,0,SubGroup-0,0,Group-0
1072,Act-5073-72,0,SubGroup-0,0,Group-0
1073,Act-5074-73,0,SubGroup-0,0,Group-0
1074,Act-5075-74,0,SubGroup-0,0,Group-0
1075,Act-5076-75,0,SubGroup-0,0,Group-0
1076,Act-5077-76,0,SubGroup-0,0,Group-0
1077,Act-5078-77,0,SubGroup-0,0,Group-0
1078,Act-5079-78,0,SubGroup-0,0,Group-0
1079,Act-5000-79,0,SubGroup-0,0,Group-0
1080,Act-5001-80,0,SubGroup-0,0,Group-0
1081,Act-5002-81,0,SubGroup-0,0,Group-0
1082,Act-5003-82,0,SubGroup-0,0,Group-0
1083,Act-5004-83,0,SubGroup-0,0,Group-0
1084,Act-5005-84,0,SubGroup-0,0,Group-0
1085,Act-5006-85,0,SubGroup-0,0,Group-0
1086,Act-5007-86,0,SubGroup-0,0,Group-0
1087,Act-5008-87,0,SubGroup-0,0,Group-0
1088,Act-5009-88,0,SubGroup-0,0,Group-0
1089,Act-5010-89,0,SubGroup-0,0,Group-0
1090,Act-5011-90,0,SubGroup-0,0,Group-0
1091,Act-5012-91,0,SubGroup-0,0,Group-0
1092,Act-5013-92,0,SubGroup-0,0,Group-0
1093,Act-5014-93,0,SubGroup-0,0,Group-0
1094,Act-5015-94,0,SubGroup-0,0,Group-0
1095,Act-5016-95,0,SubGroup-0,0,Group-0
1096,Act-5017-96,0,SubGroup-0,0,Group-0
1097,Act-5018-97,0,SubGroup-0,0,Group-0
1098,Act-5019-98,0,SubGroup-0,0,Group-0
1099,Act-5020-99,0,SubGroup-0,0,Group-0
1100,Act-6000-5000,0,SubGroup-0,0,Group-0
1101,Act-6500-5000,0,SubGroup-0,0,Group-0
1102,Act-6001-5001,0,SubGroup-0,0,Group-0
1103,Act-6501-5001,0,SubGroup-0,0,Group-0
1104,Act-6002-5002,0,SubGroup-0,0,Group-0
1105,Act-6502-5002,0,SubGroup-0,0,Group-0
1106,Act-6003-5003,0,SubGroup-0,0,Group-0
1107,Act-6503-5003,0,SubGroup-0,0,Group-0
1108,Act-6004-5004,0,SubGroup-0,0,Group-0
1109,Act-6504-5004,0,SubGroup-0,0,Group-0
1110,Act-6005-5005,0,SubGroup-0,0,Group-0
1111,Act-6505-5005,0,SubGroup-0,0,Group-0
1112,Act-6000-5006,0,SubGroup-0,0,Group-0
1113,Act-6500-5006,0,SubGroup-0,0,Group-0
1114,Act-6001-5007,0,SubGroup-0,0,Group-0
1115,Act-6501-5007,0,SubGroup-0,0,Group-0
1116,Act-6002-5008,0,SubGroup-0,0,Group-0
1117,Act-6502-5008,0,SubGroup-0,0,Group-0
1118,Act-6003-5009,0,SubGroup-0,0,Group-0
1119,Act-6503-5009,0,SubGroup-0,0,Group-0
1120,Act-6004-5010,0,SubGroup-0,0,Group-0
1121,Act-6504-5010,0,SubGroup-0,0,Group-0
1122,Act-6005-5011,0,SubGroup-0,0,Group-0
1123,Act-6505-5011,0,SubGroup-0,0,Group-0
1124,Act-6000-5012,0,SubGroup-0,0,Group-0
1125,Act-6500-5012,0,SubGroup-0,0,Group-0
1126,Act-6001-5013,0,SubGroup-0,0,Group-0
1127,Act-6501-5013,0,SubGroup-0,0,Group-0
1128,Act-6002-5014,0,SubGroup-0,0,Group-0
1129,Act-6502-5014,0,SubGroup-0,0,Group-0
1130,Act-6003-5015,0,SubGroup-0,0,Group-0
1131,Act-6503-5015,0,SubGroup-0,0,Group-0
1132,Act-6004-5016,0,SubGroup-0,0,Group-0
1133,Act-6504-5016,0,SubGroup-0,0,Group-0
1134,Act-6005-5017,0,SubGroup-0,0,Group-0
1135,Act-6505-5017,0,SubGroup-0,0,Group-0
1136,Act-6000-5018,0,SubGroup-0,0,Group-0
1137,Act-6500-5018,0,SubGroup-0,0,Group-0
1138,Act-6001-5019,0,SubGroup-0,0,Group-0
1139,Act-6501-5019,0,SubGroup-0,0,Group-0
1140,Act-6002-5020,0,SubGroup-0,0,Group-0
1141,Act-6502-5020,0,SubGroup-0,0,Group-0
1142,Act-6003-5021,0,SubGroup-0,0,Group-0
1143,Act-6503-5021,0,SubGroup-0,0,Group-0
1144,Act-6004-5022,0,SubGroup-0,0,Group-0
1145,Act-6504-5022,0,SubGroup-0,0,Group-0
1146,Act-6005-5023,0,SubGroup-0,0,Group-0
1147,Act-6505-5023,0,SubGroup-0,0,Group-0
1148,Act-6000-5024,0,SubGroup-0,0,Group-0
1149,Act-6500-5024,0,SubGroup-0,0,Group-0
1150,Act-6001-5025,0,SubGroup-0,0,Group-0
1151,Act-6501-5025,0,SubGroup-0,0,Group-0
1152,Act-6002-5026,0,SubGroup-0,0,Group-0
1153,Act-6502-5026,0,SubGroup-0,0,Group-0
1154,Act-6003-5027,0,SubGroup-0,0,Group-0
1155,Act-6503-5027,0,SubGroup-0,0,Group-0
1156,Act-6004-5028,0,SubGroup-0,0,Group-0
1157,Act-6504-5028,0,SubGroup-0,0,Group-0
1158,Act-6005-5029,0,SubGroup-0,0,Group-0
1159,Act-6505-5029,0,SubGroup-0,0,Group-0
1160,Act-6000-5030,0,SubGroup-0,0,Group-0
1161,Act-6500-5030,0,SubGroup-0,0,Group-0
1162,Act-6001-5031,0,SubGroup-0,0,Group-0
1163,Act-6501-5031,0,SubGroup-0,0,Group-0
1164,Act-6002-5032,0,SubGroup-0,0,Group-0
1165,Act-6502-5032,0,SubGroup-0,0,Group-0
1166,Act-6003-5033,0,SubGroup-0,0,Group-0
1167,Act-6503-5033,0,SubGroup-0,0,Group-0
1168,Act-6004-5034,0,SubGroup-0,0,Group-0
1169,Act-6504-5034,0,SubGroup-0,0,Group-0
1170,Act-6005-5035,0,SubGroup-0,0,Group-0
1171,Act-6505-5035,0,SubGroup-0,0,Group-0
1172,Act-6000-5036,0,SubGroup-0,0,Group-0
1173,Act-6500-5036,0,SubGroup-0,0,Group-0
1174,Act-6001-5037,0,SubGroup-0,0,Group-0
1175,Act-6501-5037,0,SubGroup-0,0,Group-0
1176,Act-6002-5038,0,SubGroup-0,0,Group-0
1177,Act-6502-5038,0,SubGroup-0,0,Group-0
1178,Act-6003-5039,0,SubGroup-0,0,Group-0
1179,Act-6503-5039,0,SubGroup-0,0,Group-0
1180,Act-6004-5040,0,SubGroup-0,0,Group-0
1181,Act-6504-5040,0,SubGroup-0,0,Group-0
1182,Act-6005-5041,0,SubGroup-0,0,Group-0
1183,Act-6505-5041,0,SubGroup-0,0,Group-0
1184,Act-6000-5042,0,SubGroup-0,0,Group-0
1185,Act-6500-5042,0,SubGroup-0,0,Group-0
1186,Act-6001-5043,0,SubGroup-0,0,Group-0
1187,Act-6501-5043,0,SubGroup-0,0,Group-0
1188,Act-6002-5044,0,SubGroup-0,0,Group-0
1189,Act-6502-5044,0,SubGroup-0,0,Group-0
1190,Act-6003-5045,0,SubGroup-0,0,Group-0
1191,Act-6503-5045,0,SubGroup-0,0,Group-0
1192,Act-6004-5046,0,SubGroup-0,0,Group-0
1193,Act-6504-5046,0,SubGroup-0,0,Group-0
1194,Act-6005-5047,0,SubGroup-0,0,Group-0
1195,Act-6505-5047,0,SubGroup-0,0,Group-0
1196,Act-6000-5048,0,SubGroup-0,0,Group-0
1197,Act-6500-5048,0,SubGroup-0,0,Group-0
1198,Act-6001-5049,0,SubGroup-0,0,Group-0
1199,Act-6501-5049,0,SubGroup-0,0,Group-0
1200,Act-6002-5050,0,SubGroup-0,0,Group-0
1201,Act-6502-5050,0,SubGroup-0,0,Group-0
1202,Act-6003-5051,0,SubGroup-0,0,Group-0
1203,Act-6503-5051,0,SubGroup-0,0,Group-0
1204,Act-6004-5052,0,SubGroup-0,0,Group-0
1205,Act-6504-5052,0,SubGroup-0,0,Group-0
1206,Act-6005-5053,0,SubGroup-0,0,Group-0
1207,Act-6505-5053,0,SubGroup-0,0,Group-0
1208,Act-6000-5054,0,SubGroup-0,0,Group-0
1209,Act-6500-5054,0,SubGroup-0,0,Group-0
1210,Act-6001-5055,0,SubGroup-0,0,Group-0
1211,Act-6501-5055,0,SubGroup-0,0,Group-0
1212,Act-6002-5056,0,SubGroup-0,0,Group-0
1213,Act-6502-5056,0,SubGroup-0,0,Group-0
1214,Act-6003-5057,0,SubGroup-0,0,Group-0
1215,Act-6503-5057,0,SubGroup-0,0,Group-0
1216,Act-6004-5058,0,SubGroup-0,0,Group-0
1217,Act-6504-5058,0,SubGroup-0,0,Group-0
1218,Act-6005-5059,0,SubGroup-0,0,Group-0
1219,Act-6505-5059,0,SubGroup-0,0,Group-0
1220,Act-6000-5060,0,SubGroup-0,0,Group-0
1221,Act-6500-5060,0,SubGroup-0,0,Group-0
1222,Act-6001-5061,0,SubGroup-0,0,Group-0
1223,Act-6501-5061,0,SubGroup-0,0,Group-0
1224,Act-6002-5062,0,SubGroup-0,0,Group-0
1225,Act-6502-5062,0,SubGroup-0,0,Group-0
1226,Act-6003-5063,0,SubGroup-0,0,Group-0
1227,Act-6503-5063,0,SubGroup-0,0,Group-0
1228,Act-6004-5064,0,SubGroup-0,0,Group-0
1229,Act-6504-5064,0,SubGroup-0,0,Group-0
1230,Act-6005-5065,0,SubGroup-0,0,Group-0
1231,Act-6505-5065,0,SubGroup-0,0,Group-0
1232,Act-6000-5066,0,SubGroup-0,0,Group-0
1233,Act-6500-5066,0,SubGroup-0,0,Group-0
1234,Act-6001-5067,0,SubGroup-0,0,Group-0
1235,Act-6501-5067,0,SubGroup-0,0,Group-0
1236,Act-6002-5068,0,SubGroup-0,0,Group-0
1237,Act-6502-5068,0,SubGroup-0,0,Group-0
1238,Act-6003-5069,0,SubGroup-0,0,Group-0
1239,Act-6503-5069,0,SubGroup-0,0,Group-0
1240,Act-6004-5070,0,SubGroup-0,0,Group-0
1241,Act-6504-5070,0,SubGroup-0,0,Group-0
1242,Act-6005-5071,0,SubGroup-0,0,Group-0
1243,Act-6505-5071,0,SubGroup-0,0,Group-0
1244,Act-6000-5072,0,SubGroup-0,0,Group-0
1245,Act-6500-5072,0,SubGroup-0,0,Group-0
1246,Act-6001-5073,0,SubGroup-0,0,Group-0
1247,Act-6501-5073,0,SubGroup-0,0,Group-0
1248,Act-6002-5074,0,SubGroup-0,0,Group-0
1249,Act-6502-5074,0,SubGroup-0,0,Group-0
1250,Act-6003-5075,0,SubGroup-0,0,Group-0
1251,Act-6503-5075,0,SubGroup-0,0,Group-0
1252,Act-6004-5076,0,SubGroup-0,0,Group-0
1253,Act-6504-5076,0,SubGroup-0,0,Group-0
1254,Act-6005-5077,0,SubGroup-0,0,Group-0
1255,Act-6505-5077,0,SubGroup-0,0,Group-0
1256,Act-6000-5078,0,SubGroup-0,0,Group-0
1257,Act-6500-5078,0,SubGroup-0,0,Group-0
1258,Act-6001-5079,0,SubGroup-0,0,Group-0
1259,Act-6501-5079,0,SubGroup-0,0,Group-0
1260,Act-7000-6000,0,SubGroup-0,0,Group-0
1261,Act-7000-6001,0,SubGroup-0,0,Group-0
1262,Act-7000-6002,0,SubGroup-0,0,Group-0
1263,Act-7000-6003,0,SubGroup-0,0,Group-0
1264,Act-7000-6004,0,SubGroup-0,0,Group-0
1265,Act-7000-6005,0,SubGroup-0,0,Group-0
1266,Act-7000-6500,0,SubGroup-0,0,Group-0
1267,Act-7000-6501,0,SubGroup-0,0,Group-0
1268,Act-7000-6502,0,SubGroup-0,0,Group-0
1269,Act-7000-6503,0,SubGroup-0,0,Group-0
1270,Act-7000-6504,0,SubGroup-0,0,Group-0
1271,Act-7000-6505,0,SubGroup-0,0,Group-0
1272,Act-8000-5000,0,SubGroup-0,0,Group-0
1273,Act-8000-5001,0,SubGroup-0,0,Group-0
1274,Act-8000-5002,0,SubGroup-0,0,Group-0
1275,Act-8000-5003,0,SubGroup-0,0,Group-0
1276,Act-8000-5004,0,SubGroup-0,0,Group-0
1277,Act-8000-5005,0,SubGroup-0,0,Group-0
1278,Act-8000-5006,0,SubGroup-0,0,Group-0
1279,Act-8000-5007,0,SubGroup-0,0,Group-0
1280,Act-8000-5008,0,SubGroup-0,0,Group-0
1281,Act-8000-5009,0,SubGroup-0,0,Group-0
1282,Act-8000-5010,0,SubGroup-0,0,Group-0
1283,Act-8000-5011,0,SubGroup-0,0,Group-0
1284,Act-8000-5012,0,SubGroup-0,0,Group-0
1285,Act-8000-5013,0,SubGroup-0,0,Group-0
1286,Act-8000-5014,0,SubGroup-0,0,Group-0
1287,Act-8000-5015,0,SubGroup-0,0,Group-0
1288,Act-8000-5016,0,SubGroup-0,0,Group-0
1289,Act-8000-5017,0,SubGroup-0,0,Group-0
1290,Act-8000-5018,0,SubGroup-0,0,Group-0
1291,Act-8000-5019,0,SubGroup-0,0,Group-0
1292,Act-8000-5020,0,SubGroup-0,0,Group-0
1293,Act-8000-5021,0,SubGroup-0,0,Group-0
1294,Act-8000-5022,0,SubGroup-0,0,Group-0
1295,Act-8000-5023,0,SubGroup-0,0,Group-0
1296,Act-8000-5024,0,SubGroup-0,0,Group-0
1297,Act-8000-5025,0,SubGroup-0,0,Group-0
1298,Act-8000-5026,0,SubGroup-0,0,Group-0
1299,Act-8000-5027,0,SubGroup-0,0,Group-0
1300,Act-8000-5028,0,SubGroup-0,0,Group-0
1301,Act-8000-5029,0,SubGroup-0,0,Group-0
1302,Act-8000-5030,0,SubGroup-0,0,Group-0
1303,Act-8000-5031,0,SubGroup-0,0,Group-0
1304,Act-8000-5032,0,SubGroup-0,0,Group-0
1305,Act-8000-5033,0,SubGroup-0,0,Group-0
1306,Act-8000-5034,0,SubGroup-0,0,Group-0
1307,Act-8000-5035,0,SubGroup-0,0,Group-0
1308,Act-8000-5036,0,SubGroup-0,0,Group-0
1309,Act-8000-5037,0,SubGroup-0,0,Group-0
1310,Act-8000-5038,0,SubGroup-0,0,Group-0
1311,Act-8000-5039,0,SubGroup-0,0,Group-0
1312,Act-8000-5040,0,SubGroup-0,0,Group-0
1313,Act-8000-5041,0,SubGroup-0,0,Group-0
1314,Act-8000-5042,0,SubGroup-0,0,Group-0
1315,Act-8000-5043,0,SubGroup-0,0,Group-0
1316,Act-8000-5044,0,SubGroup-0,0,Group-0
1317,Act-8000-5045,0,SubGroup-0,0,Group-0
1318,Act-8000-5046,0,SubGroup-0,0,Group-0
1319,Act-8000-5047,0,SubGroup-0,0,Group-0
1320,Act-8000-5048,0,SubGroup-0,0,Group-0
1321,Act-8000-5049,0,SubGroup-0,0,Group-0
1322,Act-8000-5050,0,SubGroup-0,0,Group-0
1323,Act-8000-5051,0,SubGroup-0,0,Group-0
1324,Act-8000-5052,0,SubGroup-0,0,Group-0
1325,Act-8000-5053,0,SubGroup-0,0,Group-0
1326,Act-8000-5054,0,SubGroup-0,0,Group-0
1327,Act-8000-5055,0,SubGroup-0,0,Group-0
1328,Act-8000-5056,0,SubGroup-0,0,Group-0
1329,Act-8000-5057,0,SubGroup-0,0,Group-0
1330,Act-8000-5058,0,SubGroup-0,0,Group-0
1331,Act-8000-5059,0,SubGroup-0,0,Group-0
1332,Act-8000-5060,0,SubGroup-0,0,Group-0
1333,Act-8000-5061,0,SubGroup-0,0,Group-0
1334,Act-8000-5062,0,SubGroup-0,0,Group-0
1335,Act-8000-5063,0,SubGroup-0,0,Group-0
1336,Act-8000-5064,0,SubGroup-0,0,Group-0
1337,Act-8000-5065,0,SubGroup-0,0,Group-0
1338,Act-8000-5066,0,SubGroup-0,0,Group-0
1339,Act-8000-5067,0,SubGroup-0,0,Group-0
1340,Act-8000-5068,0,SubGroup-0,0,Group-0
1341,Act-8000-5069,0,SubGroup-0,0,Group-0
1342,Act-8000-5070,0,SubGroup-0,0,Group-0
1343,Act-8000-5071,0,SubGroup-0,0,Group-0
1344,Act-8000-5072,0,SubGroup-0,0,Group-0
1345,Act-8000-5073,0,SubGroup-0,0,Group-0
1346,Act-8000-5074,0,SubGroup-0,0,Group-0
1347,Act-8000-5075,0,SubGroup-0,0,Group-0
1348,Act-8000-5076,0,SubGroup-0,0,Group-0
1349,Act-8000-5077,0,SubGroup-0,0,Group-0
1350,Act-8000-5078,0,SubGroup-0,0,Group-0
1351,Act-8000-5079,0,SubGroup-0,0,Group-0
